{"cameraMode":{"drawMode":0,"name":"Shaded","section":"Shading Mode"},"sceneLighting":true,"audioPlay":false,"sceneViewState":{"m_AlwaysRefresh":false,"showFog":true,"showSkybox":true,"showFlares":true,"showImageEffects":true,"showParticleSystems":true,"showVisualEffectGraphs":true,"m_FxEnabled":true},"in2DMode":false,"pivot":{"x":6.0680084228515629,"y":-1.9392551183700562,"z":3.2328569889068605},"rotation":{"x":0.13021588325500489,"y":0.7029999494552612,"z":-0.1333792507648468,"w":0.6863272786140442},"size":5.6039347648620609,"orthographic":false}